time,accumulated_tp_m,temp_celsius,precip_mm_h
2026-03-01 00:00:00,1.1977554e-05,-1.5693665,0.0
2026-03-01 01:00:00,1.0271324e-06,-1.7085876,0.0
2026-03-01 02:00:00,2.1867454e-06,-1.888794,0.001159613
2026-03-01 03:00:00,3.1683594e-06,-2.0401306,0.000981614
2026-03-01 04:00:00,4.2901374e-06,-2.2839966,0.001121778
2026-03-01 05:00:00,6.0950406e-06,-2.3998718,0.0018049031
2026-03-01 06:00:00,6.725546e-06,-2.0171204,0.0006305054
2026-03-01 07:00:00,9.499025e-06,-2.3458252,0.0027734786
2026-03-01 08:00:00,9.606592e-06,-0.4947815,0.00010756776
2026-03-01 09:00:00,9.606592e-06,1.0820923,0.0
2026-03-01 10:00:00,9.606592e-06,2.696167,0.0
2026-03-01 11:00:00,9.606592e-06,3.9689636,0.0
2026-03-01 12:00:00,9.606592e-06,4.881592,0.0
2026-03-01 13:00:00,9.606592e-06,5.7465515,0.0
2026-03-01 14:00:00,9.606592e-06,5.9252625,0.0
2026-03-01 15:00:00,9.606592e-06,5.669098,0.0
2026-03-01 16:00:00,9.606592e-06,3.523346,0.0
2026-03-01 17:00:00,9.611249e-06,1.9440918,4.656613e-06
2026-03-01 18:00:00,9.611249e-06,1.0333557,0.0
2026-03-01 19:00:00,9.611249e-06,-1.8036804,0.0
2026-03-01 20:00:00,9.611249e-06,-2.605072,0.0
2026-03-01 21:00:00,9.611249e-06,-3.0243835,0.0
2026-03-01 22:00:00,9.611249e-06,-3.3838196,0.0
2026-03-01 23:00:00,9.611249e-06,-3.613922,0.0
2026-03-02 00:00:00,9.611249e-06,-3.877655,0.0
2026-03-02 01:00:00,0.0,-4.2304993,0.0
2026-03-02 02:00:00,0.0,-4.9446716,0.0
2026-03-02 03:00:00,0.0,-5.305176,0.0
2026-03-02 04:00:00,0.0,-5.536255,0.0
2026-03-02 05:00:00,1.7695129e-08,-5.754608,1.7695129e-05
2026-03-02 06:00:00,1.7695129e-08,-4.579529,0.0
2026-03-02 07:00:00,3.9301813e-07,-0.9837036,0.000375323
2026-03-02 08:00:00,3.9255247e-07,3.4547424,0.0
2026-03-02 09:00:00,3.920868e-07,5.131195,0.0
2026-03-02 10:00:00,3.920868e-07,6.3261414,0.0
2026-03-02 11:00:00,3.920868e-07,7.2602844,0.0
2026-03-02 12:00:00,3.920868e-07,7.935211,0.0
2026-03-02 13:00:00,3.920868e-07,8.760712,0.0
2026-03-02 14:00:00,3.920868e-07,9.95108,0.0
2026-03-02 15:00:00,3.920868e-07,9.008942,0.0
2026-03-02 16:00:00,3.920868e-07,7.2015686,0.0
2026-03-02 17:00:00,3.9022416e-07,5.819702,0.0
2026-03-02 18:00:00,3.9488077e-07,5.0906982,4.656613e-06
2026-03-02 19:00:00,3.9488077e-07,2.4750671,0.0
2026-03-02 20:00:00,3.9488077e-07,-0.2593689,0.0
2026-03-02 21:00:00,3.9488077e-07,-1.3331299,0.0
2026-03-02 22:00:00,3.9488077e-07,-1.2967834,0.0
2026-03-02 23:00:00,4.1164458e-07,-1.1592407,1.6763806e-05
2026-03-03 00:00:00,4.5634806e-07,-1.242981,4.4703484e-05
2026-03-03 01:00:00,6.9849193e-10,-1.3403015,0.0
2026-03-03 02:00:00,2.491288e-07,-1.4111633,0.0002484303
2026-03-03 03:00:00,3.5809353e-07,-1.5744019,0.00010896474
2026-03-03 04:00:00,6.2119216e-07,-1.5693054,0.00026309863
2026-03-03 05:00:00,1.0496005e-06,-1.8196106,0.00042840838
2026-03-03 06:00:00,1.5320256e-06,-1.2114258,0.0004824251
2026-03-03 07:00:00,1.587905e-06,-0.03060913,5.5879354e-05
2026-03-03 08:00:00,1.587905e-06,1.3590393,0.0
2026-03-03 09:00:00,1.587905e-06,2.9554443,0.0
2026-03-03 10:00:00,1.587905e-06,4.798767,0.0
2026-03-03 11:00:00,1.587905e-06,6.993744,0.0
2026-03-03 12:00:00,1.587905e-06,8.263916,0.0
2026-03-03 13:00:00,1.587905e-06,9.018158,0.0
2026-03-03 14:00:00,1.587905e-06,9.073639,0.0
2026-03-03 15:00:00,1.587905e-06,7.928009,0.0
2026-03-03 16:00:00,1.587905e-06,5.457611,0.0
2026-03-03 17:00:00,1.5860423e-06,3.5776672,0.0
2026-03-03 18:00:00,1.5869737e-06,2.441803,9.313226e-07
2026-03-03 19:00:00,1.5869737e-06,1.6797485,0.0
2026-03-03 20:00:00,2.4486335e-06,0.9878845,0.0008616598
2026-03-03 21:00:00,2.4486335e-06,0.042510986,0.0
2026-03-03 22:00:00,2.4486335e-06,-0.8511658,0.0
2026-03-03 23:00:00,2.4486335e-06,-1.31073,0.0
2026-03-04 00:00:00,2.4802985e-06,-1.559845,3.1664968e-05
2026-03-04 01:00:00,5.7241414e-07,-1.9803162,0.0
2026-03-04 02:00:00,6.9779344e-07,-2.1488342,0.0001253793
2026-03-04 03:00:00,1.1364464e-06,-2.111969,0.00043865293
2026-03-04 04:00:00,7.750001e-06,-2.038025,0.0066135544
2026-03-04 05:00:00,8.096453e-06,-1.9241638,0.000346452
2026-03-04 06:00:00,1.1804048e-05,-1.146759,0.0037075952
2026-03-04 07:00:00,1.1804048e-05,2.6313782,0.0
2026-03-04 08:00:00,1.1804048e-05,4.6199036,0.0
2026-03-04 09:00:00,1.2050383e-05,6.9824524,0.00024633482
2026-03-04 10:00:00,1.2050383e-05,9.211761,0.0
2026-03-04 11:00:00,1.2050383e-05,10.739532,0.0
2026-03-04 12:00:00,1.2050383e-05,11.78064,0.0
2026-03-04 13:00:00,1.2050383e-05,12.293121,0.0
2026-03-04 14:00:00,1.2052245e-05,12.284454,1.8626451e-06
2026-03-04 15:00:00,1.2052245e-05,11.497162,0.0
2026-03-04 16:00:00,1.2052245e-05,9.770233,0.0
2026-03-04 17:00:00,1.2052245e-05,7.355774,0.0
2026-03-04 18:00:00,1.2052245e-05,5.645111,0.0
2026-03-04 19:00:00,1.2055971e-05,4.8899536,3.7252903e-06
2026-03-04 20:00:00,1.2058765e-05,3.9386292,2.7939677e-06
2026-03-04 21:00:00,1.2058765e-05,3.20932,0.0
2026-03-04 22:00:00,1.291111e-05,2.8074646,0.0008523457
2026-03-04 23:00:00,1.291111e-05,2.672699,0.0
2026-03-05 00:00:00,1.291111e-05,2.6507263,0.0
2026-03-05 01:00:00,0.0,2.768097,0.0
2026-03-05 02:00:00,4.8894435e-09,2.6473694,4.8894435e-06
2026-03-05 03:00:00,1.215376e-07,2.4490662,0.00011664815
2026-03-05 04:00:00,1.215376e-07,2.1408691,0.0
2026-03-05 05:00:00,1.215376e-07,2.0694275,0.0
2026-03-05 06:00:00,1.215376e-07,2.8259583,0.0
2026-03-05 07:00:00,1.215376e-07,5.4890747,0.0
2026-03-05 08:00:00,1.2107193e-07,8.19455,0.0
2026-03-05 09:00:00,9.743496e-07,10.990906,0.0008532777
2026-03-05 10:00:00,1.4144927e-06,13.043549,0.00044014302
2026-03-05 11:00:00,1.4144927e-06,14.126648,0.0
2026-03-05 12:00:00,1.8365681e-06,14.561798,0.00042207545
2026-03-05 13:00:00,1.8447299e-06,14.680908,8.161805e-06
2026-03-05 14:00:00,1.8376818e-06,14.390472,0.0
2026-03-05 15:00:00,1.8395483e-06,13.539093,1.8665105e-06
2026-03-05 16:00:00,1.8395483e-06,12.027832,0.0
2026-03-05 17:00:00,1.8395483e-06,9.292328,0.0
2026-03-05 18:00:00,1.8395483e-06,7.2589417,0.0
2026-03-05 19:00:00,1.8395483e-06,5.5022583,0.0
2026-03-05 20:00:00,1.8395483e-06,4.4806824,0.0
2026-03-05 21:00:00,1.8395483e-06,3.6880798,0.0
2026-03-05 22:00:00,1.8395483e-06,3.064087,0.0
2026-03-05 23:00:00,1.835823e-06,2.7875671,0.0
2026-03-06 00:00:00,1.835823e-06,1.9533997,0.0
2026-03-06 01:00:00,0.0,1.9789734,0.0
2026-03-06 02:00:00,0.0,2.07547,0.0
2026-03-06 03:00:00,0.0,1.7571411,0.0
2026-03-06 04:00:00,0.0,1.1843567,0.0
2026-03-06 05:00:00,0.0,0.8200073,0.0
2026-03-06 06:00:00,0.0,2.5455322,0.0
2026-03-06 07:00:00,0.0,6.0403748,0.0
2026-03-06 08:00:00,0.0,8.3741455,0.0
2026-03-06 09:00:00,0.0,10.065552,0.0
2026-03-06 10:00:00,0.0,11.410492,0.0
2026-03-06 11:00:00,0.0,12.338165,0.0
2026-03-06 12:00:00,0.0,12.977264,0.0
2026-03-06 13:00:00,0.0,13.296112,0.0
2026-03-06 14:00:00,0.0,13.245697,0.0
2026-03-06 15:00:00,0.0,12.812439,0.0
2026-03-06 16:00:00,0.0,11.360748,0.0
2026-03-06 17:00:00,0.0,9.841187,0.0
2026-03-06 18:00:00,0.0,7.795288,0.0
2026-03-06 19:00:00,0.0,4.650055,0.0
2026-03-06 20:00:00,0.0,4.3663025,0.0
2026-03-06 21:00:00,0.0,4.5150757,0.0
2026-03-06 22:00:00,0.0,4.2378235,0.0
2026-03-06 23:00:00,0.0,3.7513123,0.0
2026-03-07 00:00:00,0.0,2.938202,0.0
2026-03-07 01:00:00,0.0,2.129486,0.0
2026-03-07 02:00:00,0.0,1.7954407,0.0
2026-03-07 03:00:00,0.0,1.6778259,0.0
2026-03-07 04:00:00,0.0,1.4306946,0.0
2026-03-07 05:00:00,0.0,1.0811462,0.0
2026-03-07 06:00:00,0.0,2.5729065,0.0
2026-03-07 07:00:00,0.0,4.9210815,0.0
2026-03-07 08:00:00,0.0,7.221161,0.0
2026-03-07 09:00:00,4.351138e-07,9.2135315,0.0004351138
2026-03-07 10:00:00,4.351138e-07,10.469086,0.0
2026-03-07 11:00:00,4.351138e-07,11.19162,0.0
2026-03-07 12:00:00,4.351138e-07,11.756317,0.0
2026-03-07 13:00:00,8.522289e-07,12.103455,0.00041711508
2026-03-07 14:00:00,8.5147104e-07,11.962952,0.0
2026-03-07 15:00:00,8.6426724e-07,11.299805,1.2796192e-05
2026-03-07 16:00:00,8.6426724e-07,9.5069275,0.0
2026-03-07 17:00:00,8.6426724e-07,7.5785217,0.0
2026-03-07 18:00:00,8.6426724e-07,6.1963196,0.0
2026-03-07 19:00:00,8.6426724e-07,5.3518677,0.0
2026-03-07 20:00:00,8.6426724e-07,4.1685486,0.0
2026-03-07 21:00:00,8.6426724e-07,3.0430298,0.0
2026-03-07 22:00:00,8.6426724e-07,2.1905212,0.0
2026-03-07 23:00:00,1.6970153e-06,1.7833252,0.000832748
2026-03-08 00:00:00,1.7106531e-06,1.6319275,1.3637873e-05
2026-03-08 01:00:00,0.0,0.55007935,0.0
2026-03-08 02:00:00,0.0,-0.6011658,0.0
2026-03-08 03:00:00,0.0,-1.144989,0.0
2026-03-08 04:00:00,0.0,-1.3363953,0.0
2026-03-08 05:00:00,0.0,-1.2857361,0.0
2026-03-08 06:00:00,0.0,0.71343994,0.0
2026-03-08 07:00:00,0.0,3.884552,0.0
2026-03-08 08:00:00,0.0,5.993042,0.0
2026-03-08 09:00:00,0.0,8.385956,0.0
2026-03-08 10:00:00,0.0,10.038635,0.0
2026-03-08 11:00:00,8.523463e-07,10.938629,0.0008523463
2026-03-08 12:00:00,8.523463e-07,11.343567,0.0
2026-03-08 13:00:00,8.523463e-07,11.509247,0.0
2026-03-08 14:00:00,8.523463e-07,11.34491,0.0
2026-03-08 15:00:00,8.523463e-07,10.684845,0.0
2026-03-08 16:00:00,8.523463e-07,8.882904,0.0
2026-03-08 17:00:00,8.523463e-07,7.0827637,0.0
2026-03-08 18:00:00,8.523463e-07,5.7534485,0.0
2026-03-08 19:00:00,1.2750534e-06,4.9374695,0.00042270706
2026-03-08 20:00:00,1.2882792e-06,3.7327576,1.3225872e-05
2026-03-08 21:00:00,1.7195935e-06,2.6575623,0.00043131423
2026-03-08 22:00:00,1.714393e-06,1.9494934,0.0
2026-03-08 23:00:00,1.7174334e-06,1.0214233,3.0404408e-06
2026-03-09 00:00:00,1.7228158e-06,0.39608765,5.3823896e-06
2026-03-09 01:00:00,0.0,-0.046203613,0.0
2026-03-09 02:00:00,0.0,-0.57662964,0.0
2026-03-09 03:00:00,0.0,-1.0378723,0.0
2026-03-09 04:00:00,0.0,-1.4793396,0.0
2026-03-09 05:00:00,0.0,-1.535553,0.0
2026-03-09 06:00:00,0.0,0.80926514,0.0
2026-03-09 07:00:00,0.0,4.626251,0.0
2026-03-09 08:00:00,0.0,6.648651,0.0
2026-03-09 09:00:00,0.0,8.570892,0.0
2026-03-09 10:00:00,0.0,9.934357,0.0
2026-03-09 11:00:00,0.0,10.850861,0.0
2026-03-09 12:00:00,0.0,11.441711,0.0
2026-03-09 13:00:00,0.0,11.696411,0.0
2026-03-09 14:00:00,0.0,11.54068,0.0
2026-03-09 15:00:00,0.0,10.957306,0.0
2026-03-09 16:00:00,0.0,9.162689,0.0
2026-03-09 17:00:00,8.523463e-07,7.2232666,0.0008523463
2026-03-09 18:00:00,8.523464e-07,5.971924,5.684342e-11
2026-03-09 19:00:00,8.523464e-07,4.995758,0.0
2026-03-09 20:00:00,8.523464e-07,4.014801,0.0
2026-03-09 21:00:00,8.523464e-07,3.0099182,0.0
2026-03-09 22:00:00,8.523464e-07,2.0914612,0.0
2026-03-09 23:00:00,8.523464e-07,1.2319031,0.0
2026-03-10 00:00:00,1.7037428e-06,0.5027771,0.0008513964
2026-03-10 01:00:00,0.0,-0.12860107,0.0
2026-03-10 02:00:00,0.0,-0.68237305,0.0
2026-03-10 03:00:00,0.0,-1.1358032,0.0
2026-03-10 04:00:00,0.0,-1.5196838,0.0
2026-03-10 05:00:00,0.0,-1.5870667,0.0
2026-03-10 06:00:00,0.0,0.58340454,0.0
2026-03-10 07:00:00,0.0,4.4031067,0.0
2026-03-10 08:00:00,0.0,6.7309265,0.0
2026-03-10 09:00:00,0.0,8.747986,0.0
2026-03-10 10:00:00,0.0,10.476227,0.0
2026-03-10 11:00:00,0.0,11.78833,0.0
2026-03-10 12:00:00,0.0,12.609161,0.0
2026-03-10 13:00:00,0.0,12.970673,0.0
2026-03-10 14:00:00,0.0,12.8975525,0.0
2026-03-10 15:00:00,0.0,12.165924,0.0
2026-03-10 16:00:00,0.0,10.070862,0.0
2026-03-10 17:00:00,8.523463e-07,8.082306,0.0008523463
2026-03-10 18:00:00,8.523463e-07,6.9407654,0.0
2026-03-10 19:00:00,8.523463e-07,6.342804,0.0
2026-03-10 20:00:00,1.2874598e-06,5.3884583,0.00043511347
2026-03-10 21:00:00,1.2874598e-06,4.2881775,0.0
2026-03-10 22:00:00,1.281499e-06,3.1081238,0.0
2026-03-10 23:00:00,1.281499e-06,2.0429688,0.0
2026-03-11 00:00:00,1.281499e-06,1.1949158,0.0
2026-03-11 01:00:00,0.0,0.59402466,0.0
2026-03-11 02:00:00,0.0,0.20687866,0.0
2026-03-11 03:00:00,0.0,-0.11349487,0.0
2026-03-11 04:00:00,0.0,-0.3395691,0.0
2026-03-11 05:00:00,0.0,-0.44070435,0.0
2026-03-11 06:00:00,0.0,1.5044861,0.0
2026-03-11 07:00:00,0.0,4.8494263,0.0
2026-03-11 08:00:00,0.0,7.193329,0.0
2026-03-11 09:00:00,0.0,8.977112,0.0
2026-03-11 10:00:00,0.0,10.391998,0.0
2026-03-11 11:00:00,0.0,11.415436,0.0
2026-03-11 12:00:00,0.0,12.051178,0.0
2026-03-11 13:00:00,0.0,12.351715,0.0
2026-03-11 14:00:00,0.0,12.320465,0.0
2026-03-11 15:00:00,0.0,11.839722,0.0
2026-03-11 16:00:00,0.0,10.213257,0.0
2026-03-11 17:00:00,0.0,8.131012,0.0
2026-03-11 18:00:00,0.0,6.69989,0.0
2026-03-11 19:00:00,0.0,6.0315857,0.0
2026-03-11 20:00:00,0.0,5.0484924,0.0
2026-03-11 21:00:00,0.0,4.297821,0.0
2026-03-11 22:00:00,0.0,3.7149353,0.0
2026-03-11 23:00:00,0.0,3.0932312,0.0
2026-03-12 00:00:00,0.0,2.532898,0.0
2026-03-12 01:00:00,0.0,1.946991,0.0
2026-03-12 02:00:00,0.0,1.39151,0.0
2026-03-12 03:00:00,0.0,1.0495605,0.0
2026-03-12 04:00:00,0.0,1.109436,0.0
2026-03-12 05:00:00,0.0,1.4258728,0.0
2026-03-12 06:00:00,8.8941306e-08,2.139679,8.8941306e-05
2026-03-12 07:00:00,8.8941306e-08,4.1662292,0.0
2026-03-12 08:00:00,8.8941306e-08,5.8263855,0.0
2026-03-12 09:00:00,8.8941306e-08,7.55661,0.0
2026-03-12 10:00:00,8.8941306e-08,9.222961,0.0
2026-03-12 11:00:00,8.8941306e-08,10.429626,0.0
2026-03-12 12:00:00,9.033829e-08,11.318359,1.3969839e-06
2026-03-12 13:00:00,9.033829e-08,11.917236,0.0
2026-03-12 14:00:00,9.033829e-08,12.037445,0.0
2026-03-12 15:00:00,9.033829e-08,11.678009,0.0
2026-03-12 16:00:00,9.033829e-08,10.242157,0.0
2026-03-12 17:00:00,9.033829e-08,8.3909,0.0
2026-03-12 18:00:00,8.754432e-08,6.9996643,0.0
2026-03-12 19:00:00,8.754432e-08,5.6958923,0.0
2026-03-12 20:00:00,8.754432e-08,4.8446045,0.0
2026-03-12 21:00:00,8.754432e-08,4.1183167,0.0
2026-03-12 22:00:00,8.754432e-08,3.5245667,0.0
2026-03-12 23:00:00,8.754432e-08,2.8556824,0.0
2026-03-13 00:00:00,8.754432e-08,2.40625,0.0
2026-03-13 01:00:00,0.0,1.7607422,0.0
2026-03-13 02:00:00,0.0,1.1706238,0.0
2026-03-13 03:00:00,0.0,0.49249268,0.0
2026-03-13 04:00:00,0.0,-0.08862305,0.0
2026-03-13 05:00:00,0.0,-0.52890015,0.0
2026-03-13 06:00:00,0.0,2.2166138,0.0
2026-03-13 07:00:00,0.0,6.1960144,0.0
2026-03-13 08:00:00,0.0,8.904602,0.0
2026-03-13 09:00:00,0.0,10.820404,0.0
2026-03-13 10:00:00,0.0,12.120331,0.0
2026-03-13 11:00:00,0.0,13.042145,0.0
2026-03-13 12:00:00,0.0,13.626251,0.0
2026-03-13 13:00:00,0.0,13.895233,0.0
2026-03-13 14:00:00,0.0,13.749908,0.0
2026-03-13 15:00:00,0.0,13.093353,0.0
2026-03-13 16:00:00,0.0,11.227203,0.0
2026-03-13 17:00:00,0.0,9.041565,0.0
2026-03-13 18:00:00,0.0,7.5581055,0.0
2026-03-13 19:00:00,0.0,6.963318,0.0
2026-03-13 20:00:00,0.0,5.9500427,0.0
2026-03-13 21:00:00,0.0,5.0878906,0.0
2026-03-13 22:00:00,0.0,4.276306,0.0
2026-03-13 23:00:00,0.0,3.4700012,0.0
2026-03-14 00:00:00,0.0,2.7061462,0.0
2026-03-14 01:00:00,9.5926225e-08,2.0965881,9.5926225e-05
2026-03-14 02:00:00,5.0500967e-07,1.6023865,0.00040908344
2026-03-14 03:00:00,1.4347024e-06,1.2488098,0.00092969276
2026-03-14 04:00:00,3.2437965e-06,1.0250549,0.0018090941
2026-03-14 05:00:00,4.2514876e-06,0.94189453,0.001007691
2026-03-14 06:00:00,4.6822242e-06,2.3498535,0.0004307367
2026-03-14 07:00:00,4.8894435e-06,4.4985657,0.00020721927
2026-03-14 08:00:00,4.890375e-06,5.9769897,9.313226e-07
2026-03-14 09:00:00,4.890375e-06,6.8023376,0.0
2026-03-14 10:00:00,4.890375e-06,7.5711365,0.0
2026-03-14 11:00:00,4.890375e-06,8.349396,0.0
2026-03-14 12:00:00,4.890375e-06,8.842041,0.0
2026-03-14 13:00:00,4.890375e-06,9.268585,0.0
2026-03-14 14:00:00,4.913658e-06,9.242218,2.3283064e-05
2026-03-14 15:00:00,5.2498654e-06,8.899841,0.00033620745
2026-03-14 16:00:00,5.2498654e-06,8.264862,0.0
2026-03-14 17:00:00,5.2498654e-06,7.618347,0.0
2026-03-14 18:00:00,5.2498654e-06,6.698181,0.0
2026-03-14 19:00:00,5.2498654e-06,5.5249023,0.0
2026-03-14 20:00:00,5.2498654e-06,4.78125,0.0
2026-03-14 21:00:00,5.2498654e-06,4.12381,0.0
2026-03-14 22:00:00,5.2498654e-06,3.7234497,0.0
2026-03-14 23:00:00,5.2498654e-06,3.55896,0.0
2026-03-15 00:00:00,5.2498654e-06,3.3836365,0.0
2026-03-15 01:00:00,0.0,2.6544495,0.0
2026-03-15 02:00:00,9.5693395e-08,2.2070007,9.5693395e-05
2026-03-15 03:00:00,6.495975e-07,1.884552,0.0005539041
2026-03-15 04:00:00,7.459894e-07,1.6342163,9.639189e-05
2026-03-15 05:00:00,7.459894e-07,1.5862732,0.0
2026-03-15 06:00:00,7.459894e-07,2.9889832,0.0
2026-03-15 07:00:00,7.459894e-07,4.936798,0.0
2026-03-15 08:00:00,7.459894e-07,6.403717,0.0
2026-03-15 09:00:00,7.47852e-07,7.582855,1.8626451e-06
2026-03-15 10:00:00,1.0877848e-06,8.721405,0.00033993274
2026-03-15 11:00:00,1.0915101e-06,9.437347,3.7252903e-06
2026-03-15 12:00:00,1.0915101e-06,10.171661,0.0
2026-03-15 13:00:00,1.0915101e-06,10.148529,0.0
2026-03-15 14:00:00,1.0915101e-06,10.12558,0.0
2026-03-15 15:00:00,1.0915101e-06,9.803711,0.0
2026-03-15 16:00:00,1.0915101e-06,8.87265,0.0
2026-03-15 17:00:00,1.5219672e-06,7.8927307,0.00043045715
2026-03-15 18:00:00,1.9468366e-06,6.980194,0.00042486942
2026-03-15 19:00:00,1.9468366e-06,6.624878,0.0
2026-03-15 20:00:00,1.9468366e-06,5.950836,0.0
2026-03-15 21:00:00,1.9468366e-06,5.277069,0.0
2026-03-15 22:00:00,1.9468366e-06,4.348755,0.0
2026-03-15 23:00:00,1.9468366e-06,3.427948,0.0
2026-03-16 00:00:00,1.9468366e-06,2.7322693,0.0
2026-03-16 01:00:00,0.0,1.8659973,0.0
2026-03-16 02:00:00,0.0,1.2094421,0.0
2026-03-16 03:00:00,0.0,0.5687866,0.0
2026-03-16 04:00:00,0.0,0.010894775,0.0
2026-03-16 05:00:00,0.0,-0.32443237,0.0
2026-03-16 06:00:00,0.0,2.6831665,0.0
2026-03-16 07:00:00,0.0,6.2349243,0.0
2026-03-16 08:00:00,4.2766322e-07,8.407745,0.0004276632
2026-03-16 09:00:00,4.351138e-07,9.867706,7.4505806e-06
2026-03-16 10:00:00,4.5149776e-05,10.918884,0.044714663
2026-03-16 11:00:00,5.6801553e-05,11.630341,0.011651777
2026-03-16 12:00:00,7.748902e-05,11.847687,0.020687468
2026-03-16 13:00:00,0.00012279321,11.932922,0.045304187
2026-03-16 14:00:00,0.00016379934,11.888092,0.041006133
2026-03-16 15:00:00,0.00016380027,11.55835,9.313226e-07
2026-03-16 16:00:00,0.00016380027,10.753265,0.0
2026-03-16 17:00:00,0.00016380027,8.903137,0.0
2026-03-16 18:00:00,0.00016380027,7.95755,0.0
2026-03-16 19:00:00,0.00016380027,7.6616516,0.0
2026-03-16 20:00:00,0.00016380027,6.8167114,0.0
2026-03-16 21:00:00,0.00016380027,5.7652283,0.0
2026-03-16 22:00:00,0.00016380027,4.5713196,0.0
2026-03-16 23:00:00,0.00016380027,3.6037903,0.0
2026-03-17 00:00:00,0.00016380027,2.5705872,0.0
2026-03-17 01:00:00,0.0,0.95791626,0.0
2026-03-17 02:00:00,0.0,0.1404419,0.0
2026-03-17 03:00:00,0.0,-0.2230835,0.0
2026-03-17 04:00:00,0.0,-0.3192749,0.0
2026-03-17 05:00:00,0.0,0.053009033,0.0
2026-03-17 06:00:00,0.0,3.17984,0.0
2026-03-17 07:00:00,0.0,7.8693542,0.0
2026-03-17 08:00:00,0.0,9.984131,0.0
2026-03-17 09:00:00,0.0,11.744354,0.0
2026-03-17 10:00:00,7.2363764e-07,12.607086,0.00072363764
2026-03-17 11:00:00,4.0775167e-06,12.624268,0.003353879
2026-03-17 12:00:00,9.656791e-06,12.943146,0.005579274
2026-03-17 13:00:00,1.2288241e-05,12.807404,0.00263145
2026-03-17 14:00:00,1.2418626e-05,12.379242,0.00013038516
2026-03-17 15:00:00,1.2419558e-05,11.808563,9.313226e-07
2026-03-17 16:00:00,1.2416764e-05,10.614197,0.0
2026-03-17 17:00:00,1.2416764e-05,9.133789,0.0
2026-03-17 18:00:00,1.327563e-05,7.773834,0.0008588668
2026-03-17 19:00:00,1.3277606e-05,6.6166077,1.9754225e-06
2026-03-17 20:00:00,1.3277606e-05,5.6142883,0.0
2026-03-17 21:00:00,1.3274068e-05,4.702057,0.0
2026-03-17 22:00:00,1.3277318e-05,3.799469,3.250534e-06
2026-03-17 23:00:00,1.3277318e-05,2.926239,0.0
2026-03-18 00:00:00,1.3276029e-05,2.2223816,0.0
2026-03-18 01:00:00,0.0,1.8573914,0.0
2026-03-18 02:00:00,0.0,1.732666,0.0
2026-03-18 03:00:00,0.0,1.7104187,0.0
2026-03-18 04:00:00,0.0,1.7401428,0.0
2026-03-18 05:00:00,0.0,2.19693,0.0
2026-03-18 06:00:00,0.0,3.974701,0.0
2026-03-18 07:00:00,0.0,6.2652283,0.0
2026-03-18 08:00:00,0.0,8.41983,0.0
2026-03-18 09:00:00,0.0,9.988617,0.0
2026-03-18 10:00:00,0.0,11.012238,0.0
2026-03-18 11:00:00,7.0780516e-08,11.348358,7.0780516e-05
2026-03-18 12:00:00,6.984919e-08,11.51413,0.0
2026-03-18 13:00:00,6.984919e-08,11.519989,0.0
2026-03-18 14:00:00,6.984919e-08,11.142548,0.0
2026-03-18 15:00:00,6.984919e-08,10.44577,0.0
2026-03-18 16:00:00,6.984919e-08,9.575897,0.0
2026-03-18 17:00:00,6.984919e-08,8.866974,0.0
2026-03-18 18:00:00,6.984919e-08,8.315216,0.0
2026-03-18 19:00:00,6.984919e-08,7.995697,0.0
2026-03-18 20:00:00,6.984919e-08,7.279846,0.0
2026-03-18 21:00:00,6.984919e-08,6.5887756,0.0
2026-03-18 22:00:00,6.984919e-08,5.8641663,0.0
2026-03-18 23:00:00,6.984919e-08,4.879242,0.0
2026-03-19 00:00:00,6.984919e-08,3.873932,0.0
2026-03-19 01:00:00,0.0,3.0803223,0.0
2026-03-19 02:00:00,0.0,2.498932,0.0
2026-03-19 03:00:00,0.0,2.2752686,0.0
2026-03-19 04:00:00,0.0,2.4682922,0.0
2026-03-19 05:00:00,4.4330955e-07,2.9837952,0.00044330955
2026-03-19 06:00:00,1.671724e-06,4.1977844,0.0012284145
2026-03-19 07:00:00,6.1970204e-06,5.811096,0.0045252964
2026-03-19 08:00:00,2.7170405e-05,6.8992004,0.020973384
2026-03-19 09:00:00,7.7209435e-05,7.149231,0.05003903
2026-03-19 10:00:00,0.00014991406,7.6098022,0.07270463
2026-03-19 11:00:00,0.00018578582,8.180725,0.03587175
2026-03-19 12:00:00,0.00020754617,8.3186035,0.021760352
2026-03-19 13:00:00,0.00021892134,8.574066,0.011375174
2026-03-19 14:00:00,0.00021891855,8.666107,0.0
2026-03-19 15:00:00,0.00021892227,8.384003,3.7252903e-06
2026-03-19 16:00:00,0.00021892227,7.583374,0.0
2026-03-19 17:00:00,0.00021892227,6.3942566,0.0
2026-03-19 18:00:00,0.00021892227,5.2901917,0.0
2026-03-19 19:00:00,0.00021892227,4.954071,0.0
2026-03-19 20:00:00,0.00021892227,4.408844,0.0
2026-03-19 21:00:00,0.00021892227,4.079956,0.0
2026-03-19 22:00:00,0.00021892227,3.7389832,0.0
2026-03-19 23:00:00,0.00021892413,3.3862,1.8626451e-06
2026-03-20 00:00:00,0.00021899492,3.2770386,7.0780516e-05
2026-03-20 01:00:00,6.961636e-08,2.7214355,0.0
2026-03-20 02:00:00,6.984919e-08,2.1703491,2.3283064e-07
2026-03-20 03:00:00,6.938353e-08,1.805603,0.0
2026-03-20 04:00:00,7.0780516e-08,1.601471,1.3969839e-06
2026-03-20 05:00:00,7.916242e-08,1.8276062,8.381903e-06
2026-03-20 06:00:00,8.568168e-08,3.53479,6.519258e-06
2026-03-20 07:00:00,7.4880195e-06,6.158844,0.0074023376
2026-03-20 08:00:00,1.1149048e-05,7.383667,0.0036610286
2026-03-20 09:00:00,0.00017031022,8.620483,0.15916117
2026-03-20 10:00:00,0.0003128482,9.499603,0.14253798
2026-03-20 11:00:00,0.00032289437,9.826141,0.010046177
2026-03-20 12:00:00,0.00033865514,10.864563,0.015760772
2026-03-20 13:00:00,0.00034207402,10.925995,0.0034188852
2026-03-20 14:00:00,0.0003420759,11.129822,1.8626451e-06
2026-03-20 15:00:00,0.00034217088,10.926178,9.49949e-05
2026-03-20 16:00:00,0.00034217088,9.804382,0.0
2026-03-20 17:00:00,0.0003437206,8.572479,0.0015497208
2026-03-20 18:00:00,0.00034626437,7.674011,0.002543762
2026-03-20 19:00:00,0.00034626437,7.366272,0.0
2026-03-20 20:00:00,0.00034650465,6.7483826,0.00024028122
2026-03-20 21:00:00,0.00034699263,6.6374817,0.00048798393
2026-03-20 22:00:00,0.0003469945,6.492462,1.8626451e-06
2026-03-20 23:00:00,0.0003469945,6.205597,0.0
2026-03-21 00:00:00,0.0003469945,5.571747,0.0
2026-03-21 01:00:00,0.0,5.192444,0.0
2026-03-21 02:00:00,0.0,4.8387756,0.0
2026-03-21 03:00:00,0.0,4.6440735,0.0
2026-03-21 04:00:00,0.0,4.452545,0.0
2026-03-21 05:00:00,0.0,4.537323,0.0
2026-03-21 06:00:00,0.0,5.8191223,0.0
2026-03-21 07:00:00,0.0,7.677826,0.0
2026-03-21 08:00:00,0.0,9.366608,0.0
2026-03-21 09:00:00,0.0,10.35257,0.0
2026-03-21 10:00:00,4.1006133e-06,11.030365,0.0041006133
2026-03-21 11:00:00,1.2503937e-05,11.299652,0.008403324
2026-03-21 12:00:00,1.4292076e-05,11.266693,0.0017881393
2026-03-21 13:00:00,1.4348887e-05,10.996674,5.6810677e-05
2026-03-21 14:00:00,1.4458783e-05,10.999664,0.000109896064
2026-03-21 15:00:00,1.4560297e-05,10.453949,0.00010151416
2026-03-21 16:00:00,1.845602e-05,9.205414,0.0038957223
2026-03-21 17:00:00,5.2843243e-05,8.1371155,0.034387223
2026-03-21 18:00:00,0.00016271137,7.642914,0.109868124
2026-03-21 19:00:00,0.00028395094,7.7417297,0.12123957
2026-03-21 20:00:00,0.0004397463,7.53421,0.15579537
2026-03-21 21:00:00,0.0006140433,7.3737183,0.17429702
2026-03-21 22:00:00,0.0007452015,7.238983,0.13115816
2026-03-21 23:00:00,0.00079825334,7.028778,0.05305186
2026-03-22 00:00:00,0.0008160528,6.773407,0.017799437
2026-03-22 01:00:00,7.309369e-06,6.6056824,0.0
2026-03-22 02:00:00,1.7851591e-05,6.4514465,0.010542222
2026-03-22 03:00:00,4.483899e-05,6.483673,0.0269874
2026-03-22 04:00:00,9.3897805e-05,6.516815,0.049058814
2026-03-22 05:00:00,0.0001535411,6.631195,0.059643295
2026-03-22 06:00:00,0.00021337578,7.120941,0.05983468
2026-03-22 07:00:00,0.00022761727,8.183441,0.014241494
2026-03-22 08:00:00,0.0002825993,9.336304,0.054982025
2026-03-22 09:00:00,0.00034456764,9.755524,0.06196834
2026-03-22 10:00:00,0.0003770601,9.795685,0.032492448
2026-03-22 11:00:00,0.00041601405,10.464447,0.038953964
2026-03-22 12:00:00,0.00044453953,10.348541,0.02852548
2026-03-22 13:00:00,0.0004746655,10.226959,0.030125957
2026-03-22 14:00:00,0.00051004736,9.388947,0.035381876
2026-03-22 15:00:00,0.0005425049,8.831024,0.032457523
2026-03-22 16:00:00,0.0005915651,8.169647,0.04906021
2026-03-22 17:00:00,0.00066818035,7.681366,0.07661525
2026-03-22 18:00:00,0.0007716922,7.393158,0.10351185
2026-03-22 19:00:00,0.00090915733,6.615082,0.13746513
2026-03-22 20:00:00,0.0010380077,6.4424744,0.12885034
2026-03-22 21:00:00,0.0011528649,6.3231506,0.11485722
2026-03-22 22:00:00,0.0012508689,6.220642,0.098004006
2026-03-22 23:00:00,0.0013243614,6.125885,0.07349253
2026-03-23 00:00:00,0.0013622644,6.074127,0.037902966
2026-03-23 01:00:00,1.3841665e-05,6.043701,0.0
2026-03-23 02:00:00,2.8733513e-05,6.1183777,0.014891848
2026-03-23 03:00:00,7.3915115e-05,6.1233826,0.045181602
2026-03-23 04:00:00,0.00018452737,6.081085,0.11061225
2026-03-23 05:00:00,0.00042472035,5.9855957,0.24019298
2026-03-23 06:00:00,0.00082410965,6.292206,0.3993893
2026-03-23 07:00:00,0.0012195413,7.0310364,0.39543164
2026-03-23 08:00:00,0.0014815019,7.789337,0.26196057
2026-03-23 09:00:00,0.0016295416,8.809998,0.14803977
2026-03-23 10:00:00,0.0018182336,9.769257,0.188692
2026-03-23 11:00:00,0.0018323082,11.359985,0.014074612
2026-03-23 12:00:00,0.0018388405,12.668915,0.0065322965
2026-03-23 13:00:00,0.0018762164,12.372437,0.037375838
2026-03-23 14:00:00,0.0018969076,12.220703,0.020691194
2026-03-23 15:00:00,0.0021798396,11.28418,0.28293207
2026-03-23 16:00:00,0.0022731237,10.675201,0.09328406
2026-03-23 17:00:00,0.002391443,9.468903,0.118319176
2026-03-23 18:00:00,0.0024890976,8.457367,0.09765476
2026-03-23 19:00:00,0.0027067561,8.6492,0.21765846
2026-03-23 20:00:00,0.0027638897,7.8823853,0.057133615
2026-03-23 21:00:00,0.0027821492,7.3407593,0.01825951
2026-03-23 22:00:00,0.0027821623,7.114807,1.3038516e-05
2026-03-23 23:00:00,0.0027821623,6.8661804,0.0
2026-03-24 00:00:00,0.0027821623,6.5052795,0.0
2026-03-24 01:00:00,0.0,6.4222107,0.0
2026-03-24 02:00:00,0.0,6.3801575,0.0
2026-03-24 03:00:00,0.0,6.314453,0.0
2026-03-24 04:00:00,5.448237e-08,6.088928,5.448237e-05
2026-03-24 05:00:00,5.448237e-08,6.33313,0.0
2026-03-24 06:00:00,5.448237e-08,8.220673,0.0
2026-03-24 07:00:00,6.6640787e-06,9.525604,0.0066095963
2026-03-24 08:00:00,2.2025313e-05,11.733582,0.015361235
2026-03-24 09:00:00,2.2025313e-05,13.632538,0.0
2026-03-24 10:00:00,2.2025313e-05,14.7517395,0.0
2026-03-24 11:00:00,2.2455306e-05,15.43692,0.00042999274
2026-03-24 12:00:00,2.2455306e-05,15.735901,0.0
2026-03-24 13:00:00,2.2455306e-05,15.791229,0.0
2026-03-24 14:00:00,2.2455306e-05,15.556976,0.0
2026-03-24 15:00:00,2.2453443e-05,15.147491,0.0
2026-03-24 16:00:00,2.2452512e-05,13.923676,0.0
2026-03-24 17:00:00,2.2452512e-05,12.292267,0.0
2026-03-24 18:00:00,2.2452512e-05,10.5625,0.0
2026-03-24 19:00:00,2.3313609e-05,7.7903748,0.00086109684
2026-03-24 20:00:00,2.3314627e-05,6.7502136,1.0186341e-06
2026-03-24 21:00:00,2.331248e-05,6.3540955,0.0
2026-03-24 22:00:00,2.3310158e-05,5.7464905,0.0
2026-03-24 23:00:00,2.3310158e-05,5.34787,0.0
2026-03-25 00:00:00,2.3310158e-05,5.1026,0.0
2026-03-25 01:00:00,0.0,4.7018127,0.0
2026-03-25 02:00:00,0.0,3.906311,0.0
2026-03-25 03:00:00,0.0,3.3261414,0.0
2026-03-25 04:00:00,0.0,2.8743591,0.0
2026-03-25 05:00:00,0.0,3.6009827,0.0
2026-03-25 06:00:00,0.0,7.4187927,0.0
2026-03-25 07:00:00,0.0,10.289093,0.0
2026-03-25 08:00:00,0.0,12.054199,0.0
2026-03-25 09:00:00,0.0,13.249908,0.0
2026-03-25 10:00:00,1.30888075e-05,14.309723,0.013088807
2026-03-25 11:00:00,1.6025268e-05,14.881622,0.00293646
2026-03-25 12:00:00,3.7794933e-05,15.327667,0.021769665
2026-03-25 13:00:00,3.8042665e-05,15.000305,0.0002477318
2026-03-25 14:00:00,3.8048252e-05,15.0578,5.5879354e-06
2026-03-25 15:00:00,3.881287e-05,14.80545,0.00076461583
2026-03-25 16:00:00,3.881287e-05,13.875549,0.0
2026-03-25 17:00:00,3.881287e-05,11.914093,0.0
2026-03-25 18:00:00,3.881287e-05,10.039276,0.0
2026-03-25 19:00:00,3.881287e-05,8.999603,0.0
2026-03-25 20:00:00,3.881287e-05,7.7763367,0.0
2026-03-25 21:00:00,3.881287e-05,6.4529724,0.0
2026-03-25 22:00:00,3.9668943e-05,5.82901,0.0008560746
2026-03-25 23:00:00,3.9668943e-05,5.284149,0.0
2026-03-26 00:00:00,3.9669874e-05,4.7375183,9.313226e-07
2026-03-26 01:00:00,0.0,4.345825,0.0
2026-03-26 02:00:00,0.0,3.8452148,0.0
2026-03-26 03:00:00,0.0,3.2909546,0.0
2026-03-26 04:00:00,0.0,2.931244,0.0
2026-03-26 05:00:00,0.0,3.3351135,0.0
2026-03-26 06:00:00,0.0,7.2405396,0.0
2026-03-26 07:00:00,0.0,9.813934,0.0
2026-03-26 08:00:00,0.0,12.550476,0.0
2026-03-26 09:00:00,0.0,14.785736,0.0
2026-03-26 10:00:00,2.6701018e-06,16.20755,0.0026701018
2026-03-26 11:00:00,2.9178336e-06,16.937592,0.0002477318
2026-03-26 12:00:00,2.9178336e-06,17.186432,0.0
2026-03-26 13:00:00,4.636124e-06,17.075409,0.0017182902
2026-03-26 14:00:00,4.636124e-06,16.940125,0.0
2026-03-26 15:00:00,4.636124e-06,15.97699,0.0
2026-03-26 16:00:00,4.636124e-06,14.617798,0.0
2026-03-26 17:00:00,4.636124e-06,13.187744,0.0
2026-03-26 18:00:00,4.636124e-06,11.76712,0.0
2026-03-26 19:00:00,5.0703065e-06,10.745056,0.00043418276
2026-03-26 20:00:00,5.0703065e-06,9.35672,0.0
2026-03-26 21:00:00,5.496381e-06,8.058197,0.0004260746
2026-03-26 22:00:00,5.4975e-06,6.977844,1.1186785e-06
2026-03-26 23:00:00,7.6114197e-06,6.12912,0.00211392
2026-03-27 00:00:00,1.8134528e-05,5.961334,0.010523109
2026-03-27 01:00:00,8.230563e-06,5.5973206,0.0
2026-03-27 02:00:00,3.4490135e-05,5.6668396,0.026259571
2026-03-27 03:00:00,7.2127674e-05,5.9487,0.03763754
2026-03-27 04:00:00,0.00010871608,6.0361633,0.036588404
2026-03-27 05:00:00,0.00014420692,6.251831,0.03549084
2026-03-27 06:00:00,0.00017319154,7.053833,0.028984621
2026-03-27 07:00:00,0.00019327196,7.990967,0.020080421
2026-03-27 08:00:00,0.00019791926,9.194183,0.0046472996
2026-03-27 09:00:00,0.00019813905,10.619598,0.00021979213
2026-03-27 10:00:00,0.00019833929,11.742706,0.00020023435
2026-03-27 11:00:00,0.0001983486,12.919708,9.313226e-06
2026-03-27 12:00:00,0.00019853859,14.079498,0.0001899898
2026-03-27 13:00:00,0.00019854045,14.665924,1.8626451e-06
2026-03-27 14:00:00,0.00019853673,14.612854,0.0
2026-03-27 15:00:00,0.0001985479,13.787628,1.1175871e-05
2026-03-27 16:00:00,0.00050374423,12.478577,0.30519632
2026-03-27 17:00:00,0.0011435815,10.931366,0.63983727
2026-03-27 18:00:00,0.0024663687,9.592621,1.3227873
2026-03-27 19:00:00,0.0030808104,8.525665,0.6144417
2026-03-27 20:00:00,0.0034821862,7.938019,0.40137583
2026-03-27 21:00:00,0.0038711345,7.6367493,0.38894826
2026-03-27 22:00:00,0.004337716,7.385071,0.46658143
2026-03-27 23:00:00,0.0049748896,7.2895813,0.63717365
2026-03-28 00:00:00,0.0056339176,7.3271484,0.65902805
2026-03-28 01:00:00,0.00089559425,7.4129333,0.0
2026-03-28 02:00:00,0.0015032892,7.492462,0.607695
2026-03-28 03:00:00,0.0020413878,7.5673523,0.53809863
2026-03-28 04:00:00,0.0025385648,7.656006,0.497177
2026-03-28 05:00:00,0.003057824,7.71109,0.51925915
2026-03-28 06:00:00,0.003726969,8.057922,0.66914505
2026-03-28 07:00:00,0.0042505567,7.4874573,0.5235877
2026-03-28 08:00:00,0.0044791494,7.9821167,0.22859266
2026-03-28 09:00:00,0.0047142305,8.651123,0.23508118
2026-03-28 10:00:00,0.0047901673,9.464996,0.07593678
2026-03-28 11:00:00,0.004913047,9.944061,0.12287963
2026-03-28 12:00:00,0.004966529,10.538879,0.05348213
2026-03-28 13:00:00,0.0049923556,10.9053955,0.025826506
2026-03-28 14:00:00,0.0050069,11.430725,0.014544465
2026-03-28 15:00:00,0.0050285384,11.313416,0.021638349
2026-03-28 16:00:00,0.0050560497,10.635223,0.027511269
2026-03-28 17:00:00,0.005186552,9.799622,0.1305025
2026-03-28 18:00:00,0.005319142,9.331329,0.13258961
2026-03-28 19:00:00,0.0053872345,8.823517,0.06809272
2026-03-28 20:00:00,0.0055553326,8.705048,0.16809814
2026-03-28 21:00:00,0.005636609,8.598114,0.08127652
2026-03-28 22:00:00,0.0057091014,8.468414,0.07249229
2026-03-28 23:00:00,0.00575539,8.221649,0.046288595
2026-03-29 00:00:00,0.005859849,7.941437,0.104459
2026-03-29 01:00:00,0.00015492365,7.7185364,0.0
2026-03-29 02:00:00,0.00032866,7.8047485,0.17373636
2026-03-29 03:00:00,0.000584285,7.8805237,0.255625
2026-03-29 04:00:00,0.00091937557,7.97464,0.33509055
2026-03-29 05:00:00,0.0012801862,8.100311,0.36081067
2026-03-29 06:00:00,0.0015821774,8.510529,0.30199113
2026-03-29 07:00:00,0.0019907383,8.73703,0.40856096
2026-03-29 08:00:00,0.0026005055,9.023529,0.60976714
2026-03-29 09:00:00,0.003593708,9.176727,0.99320245
2026-03-29 10:00:00,0.0048071556,9.324982,1.2134477
2026-03-29 11:00:00,0.0060925325,9.527435,1.2853769
2026-03-29 12:00:00,0.00752165,9.809418,1.4291173
2026-03-29 13:00:00,0.0089980215,9.94278,1.4763716
2026-03-29 14:00:00,0.010418619,9.976776,1.4205976
2026-03-29 15:00:00,0.011597744,9.953308,1.1791252
2026-03-29 16:00:00,0.012379121,9.753876,0.78137684
2026-03-29 17:00:00,0.0128111765,9.366608,0.43205544
2026-03-29 18:00:00,0.013180452,9.144379,0.36927593
2026-03-29 19:00:00,0.014296114,9.171661,1.1156621
2026-03-29 20:00:00,0.0152365165,9.070343,0.94040203
2026-03-29 21:00:00,0.016548544,9.08429,1.3120277
2026-03-29 22:00:00,0.017525265,9.139984,0.9767208
2026-03-29 23:00:00,0.018297046,9.399933,0.77178144
2026-03-30 00:00:00,0.018861797,9.578857,0.5647503
2026-03-30 01:00:00,0.00038316473,9.53598,0.0
2026-03-30 02:00:00,0.00065950886,9.367889,0.27634412
2026-03-30 03:00:00,0.0008823159,9.152008,0.22280705
2026-03-30 04:00:00,0.0010582986,8.993042,0.17598271
2026-03-30 05:00:00,0.0011751489,9.0000305,0.11685025
2026-03-30 06:00:00,0.0012273975,9.667236,0.052248593
2026-03-30 07:00:00,0.0015340634,10.000366,0.3066659
2026-03-30 08:00:00,0.0017522699,11.446716,0.21820655
2026-03-30 09:00:00,0.0018696655,12.559113,0.117395535
2026-03-30 10:00:00,0.0019034259,13.126312,0.033760443
2026-03-30 11:00:00,0.0019379221,14.095001,0.03449619
2026-03-30 12:00:00,0.0019724406,14.260773,0.03451854
2026-03-30 13:00:00,0.0019996911,14.308197,0.027250499
2026-03-30 14:00:00,0.002008426,14.278534,0.008734874
2026-03-30 15:00:00,0.0020106127,13.814362,0.0021867454
2026-03-30 16:00:00,0.0020150654,13.015167,0.004452653
2026-03-30 17:00:00,0.0020259637,11.930481,0.010898337
2026-03-30 18:00:00,0.0020709897,10.994049,0.045025952
2026-03-30 19:00:00,0.0023459292,9.769623,0.27493948
2026-03-30 20:00:00,0.00286734,8.963776,0.52141094
2026-03-30 21:00:00,0.0035400903,8.243042,0.6727502
2026-03-30 22:00:00,0.004189457,7.6800537,0.6493665
2026-03-30 23:00:00,0.0046580015,7.1332703,0.46854466
2026-03-31 00:00:00,0.004854787,6.66214,0.19678566
2026-03-31 01:00:00,0.00014106208,6.2846375,0.0
2026-03-31 02:00:00,0.00021748617,5.9575806,0.0764241
2026-03-31 03:00:00,0.00026691682,5.7402344,0.049430646
2026-03-31 04:00:00,0.0003113891,5.5538025,0.044472285
2026-03-31 05:00:00,0.0003466569,5.6246033,0.03526779
2026-03-31 06:00:00,0.00037520612,6.1323853,0.028549228
2026-03-31 07:00:00,0.00054844003,7.076935,0.17323391
2026-03-31 08:00:00,0.00068414304,8.1073,0.13570301
2026-03-31 09:00:00,0.00074686576,9.409058,0.06272271
2026-03-31 10:00:00,0.0008288473,10.693909,0.08198153
2026-03-31 11:00:00,0.00089501124,11.492523,0.06616395
2026-03-31 12:00:00,0.0009095399,12.435211,0.014528632
2026-03-31 13:00:00,0.0009156577,12.92868,0.006117858
2026-03-31 14:00:00,0.00092694536,13.240051,0.01128763
2026-03-31 15:00:00,0.0009354092,13.319977,0.00846386
2026-03-31 16:00:00,0.0009357892,12.89743,0.0003799796
2026-03-31 17:00:00,0.0009373203,12.069061,0.0015310943
2026-03-31 18:00:00,0.000942098,11.072845,0.004777685
2026-03-31 19:00:00,0.00096541457,9.777405,0.023316592
2026-03-31 20:00:00,0.0009758193,9.217041,0.010404736
2026-03-31 21:00:00,0.0010048312,8.186218,0.029011862
2026-03-31 22:00:00,0.0010089234,8.481232,0.0040922314
2026-03-31 23:00:00,0.0010104601,8.046814,0.0015366822
2026-04-01 00:00:00,0.0010136527,7.9043884,0.0031925738
2026-04-01 01:00:00,1.2411037e-06,8.003723,0.0
2026-04-01 02:00:00,2.2617169e-06,8.047516,0.0010206131
2026-04-01 03:00:00,3.344845e-06,7.8702087,0.0010831282
2026-04-01 04:00:00,5.549751e-06,7.7891846,0.0022049062
2026-04-01 05:00:00,6.636139e-06,8.041962,0.0010863878
2026-04-01 06:00:00,6.9076195e-06,9.383575,0.00027148053
2026-04-01 07:00:00,9.802822e-06,9.614197,0.0028952027
2026-04-01 08:00:00,1.4656875e-05,10.921783,0.0048540523
2026-04-01 09:00:00,5.2791744e-05,12.149994,0.03813487
2026-04-01 10:00:00,0.00011475868,13.546295,0.061966937
2026-04-01 11:00:00,0.00013504681,14.38089,0.020288127
2026-04-01 12:00:00,0.00018739272,14.731903,0.052345917
2026-04-01 13:00:00,0.00019417447,14.635254,0.0067817457
2026-04-01 14:00:00,0.00021465568,14.621429,0.02048121
2026-04-01 15:00:00,0.00021551998,14.289429,0.00086429645
2026-04-01 16:00:00,0.0002155189,13.354523,0.0
2026-04-01 17:00:00,0.0002155189,11.510803,0.0
2026-04-01 18:00:00,0.0002155189,10.46579,0.0
2026-04-01 19:00:00,0.0002155189,9.762726,0.0
2026-04-01 20:00:00,0.0002155189,9.643066,0.0
2026-04-01 21:00:00,0.0002155189,9.357727,0.0
2026-04-01 22:00:00,0.0002155189,9.012543,0.0
2026-04-01 23:00:00,0.0002155189,8.592926,0.0
2026-04-02 00:00:00,0.0002155189,8.390411,0.0
2026-04-02 01:00:00,0.0,8.297424,0.0
2026-04-02 02:00:00,0.0,8.617004,0.0
2026-04-02 03:00:00,5.9672166e-06,8.784149,0.0059672166
2026-04-02 04:00:00,0.00012213038,8.83548,0.116163164
2026-04-02 05:00:00,0.0002175821,8.965454,0.09545171
2026-04-02 06:00:00,0.00033772178,9.290436,0.12013968
2026-04-02 07:00:00,0.0006003259,8.599823,0.2626041
2026-04-02 08:00:00,0.00095298025,8.900116,0.35265437
2026-04-02 09:00:00,0.0014546544,8.8246155,0.5016741
2026-04-02 10:00:00,0.002234422,9.164581,0.7797675
2026-04-02 11:00:00,0.0034303258,9.510345,1.1959039
2026-04-02 12:00:00,0.005100932,9.542969,1.6706063
2026-04-02 13:00:00,0.006766104,9.852997,1.6651722
2026-04-02 14:00:00,0.008070163,10.061981,1.3040593
2026-04-02 15:00:00,0.008766917,9.969391,0.69675314
2026-04-02 16:00:00,0.009026044,9.797699,0.25912747
2026-04-02 17:00:00,0.009216974,9.460022,0.1909295
2026-04-02 18:00:00,0.009395998,9.169708,0.17902441
2026-04-02 19:00:00,0.009487433,8.997986,0.09143539
2026-04-02 20:00:00,0.009560665,8.850555,0.07323176
2026-04-02 21:00:00,0.009639218,8.680511,0.078553334
2026-04-02 22:00:00,0.009717984,8.507477,0.078765675
2026-04-02 23:00:00,0.009809032,8.335785,0.09104796
2026-04-03 00:00:00,0.009902967,8.225769,0.09393506
2026-04-03 01:00:00,5.0355215e-05,8.14444,0.0
2026-04-03 02:00:00,0.00010791258,8.111053,0.057557367
2026-04-03 03:00:00,0.0001264927,8.167969,0.018580118
2026-04-03 04:00:00,0.00013039168,8.251434,0.003898982
2026-04-03 05:00:00,0.0001322655,8.419342,0.001873821
2026-04-03 06:00:00,0.00014033448,9.070404,0.008068979
2026-04-03 07:00:00,0.00014118943,9.976471,0.0008549541
2026-04-03 08:00:00,0.00014887936,10.622101,0.0076899305
2026-04-03 09:00:00,0.00017662905,11.484039,0.027749687
2026-04-03 10:00:00,0.00021593086,12.016602,0.039301813
2026-04-03 11:00:00,0.0003018817,13.144592,0.08595083
2026-04-03 12:00:00,0.00040091295,14.037628,0.099031255
2026-04-03 13:00:00,0.0004465934,14.470245,0.04568044
2026-04-03 14:00:00,0.000467808,14.673981,0.021214597
2026-04-03 15:00:00,0.00047966652,14.508392,0.01185853
2026-04-03 16:00:00,0.00047966652,14.068329,0.0
2026-04-03 17:00:00,0.00047966652,13.385315,0.0
2026-04-03 18:00:00,0.00047966652,11.269012,0.0
2026-04-03 19:00:00,0.0004976457,9.788025,0.017979182
2026-04-03 20:00:00,0.0005223565,9.101013,0.024710782
2026-04-03 21:00:00,0.0005302578,9.051666,0.007901341
2026-04-03 22:00:00,0.00053634774,8.788666,0.0060899183
2026-04-03 23:00:00,0.0005398812,8.080536,0.0035334378
2026-04-04 00:00:00,0.000541443,7.7121277,0.001561828
2026-04-04 01:00:00,1.8442399e-05,6.8131104,0.0
2026-04-04 02:00:00,4.314445e-05,7.005493,0.02470205
2026-04-04 03:00:00,6.930251e-05,7.2032166,0.026158057
2026-04-04 04:00:00,0.00020995969,7.080139,0.14065719
2026-04-04 05:00:00,0.00037895562,7.705963,0.16899593
2026-04-04 06:00:00,0.0006041541,10.091797,0.22519845
2026-04-04 07:00:00,0.00074540963,12.558777,0.14125556
2026-04-04 08:00:00,0.0008956436,13.6397705,0.15023397
2026-04-04 09:00:00,0.0010772059,14.752899,0.18156227
2026-04-04 10:00:00,0.0011091265,15.917114,0.031920616
2026-04-04 11:00:00,0.0011172323,16.829224,0.008105766
2026-04-04 12:00:00,0.0011353139,17.341827,0.018081628
2026-04-04 13:00:00,0.0011470541,17.736511,0.011740252
2026-04-04 14:00:00,0.001175859,17.51596,0.028804876
2026-04-04 15:00:00,0.0013323557,16.844055,0.15649664
2026-04-04 16:00:00,0.0014137328,15.539215,0.081377104
2026-04-04 17:00:00,0.0014670677,13.561249,0.05333498
2026-04-04 18:00:00,0.0014914451,12.201447,0.024377368
2026-04-04 19:00:00,0.0014914451,11.059845,0.0
2026-04-04 20:00:00,0.0014914451,10.185883,0.0
2026-04-04 21:00:00,0.0014914451,9.497467,0.0
2026-04-04 22:00:00,0.0014914479,8.987427,2.7939677e-06
2026-04-04 23:00:00,0.0014914479,8.518951,0.0
2026-04-05 00:00:00,0.0014914479,8.132538,0.0
2026-04-05 01:00:00,0.0,7.6292725,0.0
2026-04-05 02:00:00,0.0,7.0134583,0.0
2026-04-05 03:00:00,0.0,6.2366333,0.0
2026-04-05 04:00:00,0.0,5.421295,0.0
2026-04-05 05:00:00,0.0,6.0689697,0.0
2026-04-05 06:00:00,0.0,9.415314,0.0
2026-04-05 07:00:00,4.351138e-07,12.011932,0.0004351138
2026-04-05 08:00:00,4.351138e-07,14.449097,0.0
2026-04-05 09:00:00,4.351138e-07,16.350128,0.0
2026-04-05 10:00:00,1.3259425e-05,17.512665,0.012824311
2026-04-05 11:00:00,3.3558532e-05,18.082306,0.020299107
2026-04-05 12:00:00,3.3695436e-05,18.235565,0.00013690442
2026-04-05 13:00:00,3.37122e-05,18.480072,1.6763806e-05
2026-04-05 14:00:00,3.3714063e-05,18.61856,1.8626451e-06
2026-04-05 15:00:00,3.457362e-05,18.349579,0.00085955614
2026-04-05 16:00:00,3.457237e-05,17.227509,0.0
2026-04-05 17:00:00,3.457237e-05,14.990326,0.0
2026-04-05 18:00:00,3.457237e-05,13.193451,0.0
2026-04-05 19:00:00,3.4572557e-05,12.268219,1.8553692e-07
2026-04-05 20:00:00,3.4572557e-05,11.069611,0.0
2026-04-05 21:00:00,3.5429166e-05,10.026886,0.00085660943
2026-04-05 22:00:00,3.5430283e-05,9.143707,1.1168595e-06
2026-04-05 23:00:00,3.5430512e-05,8.49411,2.2919266e-07
2026-04-06 00:00:00,3.543277e-05,8.039093,2.2591848e-06
2026-04-06 01:00:00,0.0,7.721039,0.0
2026-04-06 02:00:00,0.0,7.4651184,0.0
2026-04-06 03:00:00,0.0,7.1997375,0.0
2026-04-06 04:00:00,0.0,6.9481506,0.0
2026-04-06 05:00:00,0.0,7.991394,0.0
2026-04-06 06:00:00,0.0,11.024231,0.0
2026-04-06 07:00:00,0.0,13.845062,0.0
2026-04-06 08:00:00,0.0,16.39505,0.0
2026-04-06 09:00:00,0.0,18.490326,0.0
2026-04-06 10:00:00,0.0,19.957184,0.0
2026-04-06 11:00:00,0.0,20.753937,0.0
2026-04-06 12:00:00,0.0,21.168365,0.0
2026-04-06 13:00:00,0.0,21.229279,0.0
2026-04-06 14:00:00,0.0,20.93692,0.0
2026-04-06 15:00:00,0.0,20.285034,0.0
2026-04-06 16:00:00,0.0,19.037567,0.0
2026-04-06 17:00:00,0.0,17.032623,0.0
2026-04-06 18:00:00,0.0,15.800079,0.0
2026-04-06 19:00:00,6.61239e-08,15.587616,6.61239e-05
2026-04-06 20:00:00,3.6787242e-07,14.871307,0.0003017485
2026-04-06 21:00:00,1.2518838e-06,14.087372,0.00088401133
2026-04-06 22:00:00,1.2714415e-06,13.217407,1.9557774e-05
2026-04-06 23:00:00,5.293079e-06,11.724182,0.004021637
2026-04-07 00:00:00,5.992688e-06,9.84787,0.0006996088
2026-04-07 01:00:00,0.0,8.60611,0.0
2026-04-07 02:00:00,0.0,7.8291626,0.0
2026-04-07 03:00:00,0.0,7.570282,0.0
2026-04-07 04:00:00,9.5460564e-08,7.1128235,9.5460564e-05
2026-04-07 05:00:00,9.5460564e-08,7.3042297,0.0
2026-04-07 06:00:00,9.5460564e-08,9.210602,0.0
2026-04-07 07:00:00,9.5460564e-08,9.117035,0.0
2026-04-07 08:00:00,9.552575e-07,10.25061,0.00085979694
2026-04-07 09:00:00,9.552575e-07,11.69635,0.0
2026-04-07 10:00:00,1.0497868e-06,12.962555,9.452924e-05
2026-04-07 11:00:00,5.0866042e-06,14.145233,0.0040368177
2026-04-07 12:00:00,5.61513e-06,14.765381,0.00052852556
2026-04-07 13:00:00,7.645711e-06,15.177155,0.002030581
2026-04-07 14:00:00,4.708908e-05,15.815216,0.03944337
2026-04-07 15:00:00,4.708908e-05,15.395172,0.0
2026-04-07 16:00:00,4.7083333e-05,14.651215,0.0
2026-04-07 17:00:00,4.7083333e-05,13.248138,0.0
2026-04-07 18:00:00,4.708764e-05,11.689758,4.307367e-06
2026-04-07 19:00:00,4.708764e-05,10.45993,0.0
2026-04-07 20:00:00,4.7091366e-05,9.194702,3.7252903e-06
2026-04-07 21:00:00,4.7091366e-05,8.264709,0.0
2026-04-07 22:00:00,4.7091366e-05,7.2206116,0.0
2026-04-07 23:00:00,4.7091366e-05,8.581146,0.0
2026-04-08 00:00:00,4.7095316e-05,5.9249573,3.950845e-06
2026-04-08 01:00:00,2.8288923e-08,4.626007,0.0
2026-04-08 02:00:00,2.8405339e-08,4.3854675,1.1641532e-07
2026-04-08 03:00:00,5.6577846e-08,4.223236,2.8172508e-05
2026-04-08 04:00:00,2.5168061e-05,4.8817444,0.025111483
2026-04-08 05:00:00,0.00015316764,5.953583,0.12799957
2026-04-08 06:00:00,0.0001690723,7.8647766,0.015904661
2026-04-08 07:00:00,0.00016908161,8.568176,9.313226e-06
2026-04-08 08:00:00,0.00021445565,10.000061,0.045374036
2026-04-08 09:00:00,0.00028930884,10.979095,0.07485319
2026-04-08 10:00:00,0.00037286355,11.628998,0.08355471
2026-04-08 11:00:00,0.00042201224,12.186066,0.049148686
2026-04-08 12:00:00,0.00044150202,12.5538025,0.019489788
2026-04-08 13:00:00,0.00045774452,12.712128,0.016242499
2026-04-08 14:00:00,0.00048427226,12.964966,0.026527734
2026-04-08 15:00:00,0.00048660528,13.000397,0.0023330213
2026-04-08 16:00:00,0.00048660173,12.359741,0.0
2026-04-08 17:00:00,0.00048660353,10.359039,1.8044375e-06
2026-04-08 18:00:00,0.00048660353,8.196381,0.0
2026-04-08 19:00:00,0.0004866054,7.407013,1.8626451e-06
2026-04-08 20:00:00,0.0004866054,7.195221,0.0
2026-04-08 21:00:00,0.0004866054,7.1279297,0.0
2026-04-08 22:00:00,0.0004870345,7.2438354,0.00042910688
2026-04-08 23:00:00,0.0004870913,7.248535,5.6810677e-05
2026-04-09 00:00:00,0.0004873558,6.4627075,0.0002644956
2026-04-09 01:00:00,5.4201228e-06,5.332672,0.0
2026-04-09 02:00:00,2.0697713e-05,5.2301636,0.015277591
2026-04-09 03:00:00,2.0697014e-05,4.5713806,0.0
2026-04-09 04:00:00,2.0697014e-05,3.486084,0.0
2026-04-09 05:00:00,2.0697014e-05,4.327484,0.0
2026-04-09 06:00:00,2.0697014e-05,7.2334595,0.0
2026-04-09 07:00:00,2.2711465e-05,8.351288,0.0020144507
2026-04-09 08:00:00,2.5239075e-05,9.453339,0.0025276095
2026-04-09 09:00:00,3.8939994e-05,10.418121,0.013700919
2026-04-09 10:00:00,5.2630436e-05,11.227814,0.013690442
2026-04-09 11:00:00,6.912369e-05,11.825531,0.016493257
2026-04-09 12:00:00,8.8208355e-05,12.0138855,0.019084662
2026-04-09 13:00:00,0.000105101615,12.008118,0.01689326
2026-04-09 14:00:00,0.000119953416,11.821808,0.014851801
2026-04-09 15:00:00,0.0001898827,11.2274475,0.06992929
2026-04-09 16:00:00,0.00030678976,10.185364,0.11690706
2026-04-09 17:00:00,0.00032904465,8.791412,0.022254884
2026-04-09 18:00:00,0.00032998028,7.8437805,0.00093562994
2026-04-09 19:00:00,0.00034574477,5.7242737,0.015764497
2026-04-09 20:00:00,0.00050097855,4.9640503,0.15523377
2026-04-09 21:00:00,0.0007024497,4.5621643,0.20147115
2026-04-09 22:00:00,0.0008734042,4.051056,0.1709545
2026-04-09 23:00:00,0.00095041527,3.6541748,0.07701106
2026-04-10 00:00:00,0.00097312185,3.0697327,0.022706576
2026-04-10 01:00:00,8.136849e-07,2.5385742,0.0
2026-04-10 02:00:00,8.152565e-07,2.18161,1.5716068e-06
2026-04-10 03:00:00,8.168863e-07,1.7784424,1.6298145e-06
2026-04-10 04:00:00,3.8752332e-06,1.495575,0.003058347
2026-04-10 05:00:00,1.6491627e-05,2.670807,0.012616394
2026-04-10 06:00:00,9.7973505e-05,4.6299744,0.081481874
2026-04-10 07:00:00,0.000103768194,5.941864,0.005794689
2026-04-10 08:00:00,0.00012204517,7.0593567,0.018276973
2026-04-10 09:00:00,0.00022723107,7.710846,0.105185896
2026-04-10 10:00:00,0.00030484376,8.530487,0.0776127
2026-04-10 11:00:00,0.00032219337,9.515472,0.017349608
2026-04-10 12:00:00,0.00043577235,10.064606,0.113578975
2026-04-10 13:00:00,0.00051604025,10.301849,0.0802679
2026-04-10 14:00:00,0.0005726032,10.389679,0.056562945
2026-04-10 15:00:00,0.00059126504,10.240112,0.018661842
2026-04-10 16:00:00,0.0005913358,9.791168,7.0780516e-05
2026-04-10 17:00:00,0.0005913554,8.725983,1.9557774e-05
2026-04-10 18:00:00,0.0005913554,7.0903015,0.0
2026-04-10 19:00:00,0.0005975105,5.429199,0.006155111
2026-04-10 20:00:00,0.0006057359,4.753479,0.008225441
2026-04-10 21:00:00,0.0006057359,4.1651306,0.0
2026-04-10 22:00:00,0.0006057359,3.492279,0.0
2026-04-10 23:00:00,0.0006057359,2.8988953,0.0
2026-04-11 00:00:00,0.0006057359,2.526886,0.0
2026-04-11 01:00:00,0.0,2.3982239,0.0
2026-04-11 02:00:00,0.0,2.6914978,0.0
2026-04-11 03:00:00,0.0,3.1307373,0.0
2026-04-11 04:00:00,0.0,2.3786316,0.0
2026-04-11 05:00:00,0.0,3.0304565,0.0
2026-04-11 06:00:00,0.0,6.137787,0.0
2026-04-11 07:00:00,3.8447324e-05,8.159943,0.038447324
2026-04-11 08:00:00,3.9297156e-05,9.908386,0.00084983185
2026-04-11 09:00:00,4.793238e-05,11.083405,0.008635223
2026-04-11 10:00:00,7.325038e-05,12.003754,0.025318004
2026-04-11 11:00:00,0.0001272047,12.567413,0.05395431
2026-04-11 12:00:00,0.00019921921,12.968964,0.07201452
2026-04-11 13:00:00,0.00026626792,13.054565,0.067048706
2026-04-11 14:00:00,0.00035755616,12.539154,0.09128824
2026-04-11 15:00:00,0.00063165836,11.4999695,0.2741022
2026-04-11 16:00:00,0.0007905066,10.63031,0.15884824
2026-04-11 17:00:00,0.00083964504,9.801117,0.04913844
2026-04-11 18:00:00,0.0009227004,8.909027,0.08305535
2026-04-11 19:00:00,0.0009229779,7.9203796,0.00027753413
2026-04-11 20:00:00,0.0009229835,7.1618347,5.5879354e-06
2026-04-11 21:00:00,0.0009229835,6.3400574,0.0
2026-04-11 22:00:00,0.00092315115,5.3579407,0.00016763806
2026-04-11 23:00:00,0.00092324056,4.2635803,8.940697e-05
2026-04-12 00:00:00,0.00092375465,3.6200256,0.00051409006
2026-04-12 01:00:00,6.5693166e-07,2.8666687,0.0
2026-04-12 02:00:00,1.1895318e-06,2.294403,0.0005326001
2026-04-12 03:00:00,1.6586855e-06,1.6978455,0.00046915375
2026-04-12 04:00:00,1.902692e-06,1.4261475,0.00024400651
2026-04-12 05:00:00,2.3515895e-06,3.411438,0.00044889748
2026-04-12 06:00:00,2.7203932e-06,5.872223,0.00036880374
2026-04-12 07:00:00,7.807463e-06,9.078644,0.0050870692
2026-04-12 08:00:00,2.1124444e-05,10.50528,0.0133169815
2026-04-12 09:00:00,3.8708284e-05,11.53595,0.01758384
2026-04-12 10:00:00,7.597704e-05,12.080719,0.037268758
2026-04-12 11:00:00,0.000105670464,12.7803955,0.029693423
2026-04-12 12:00:00,0.00014497695,13.294861,0.039306484
2026-04-12 13:00:00,0.00017790013,13.451263,0.032923184
2026-04-12 14:00:00,0.00024412276,13.500336,0.06622262
2026-04-12 15:00:00,0.0002704913,13.312927,0.026368536
2026-04-12 16:00:00,0.00027061423,12.905518,0.00012293458
2026-04-12 17:00:00,0.00027066172,11.447174,4.749745e-05
2026-04-12 18:00:00,0.00027152002,9.512451,0.00085830106
2026-04-12 19:00:00,0.00027152002,8.266205,0.0
2026-04-12 20:00:00,0.00027151927,7.12204,0.0
2026-04-12 21:00:00,0.00027152133,6.122467,2.066372e-06
2026-04-12 22:00:00,0.00027152227,5.177704,9.313226e-07
2026-04-12 23:00:00,0.00027151592,4.414337,0.0
2026-04-13 00:00:00,0.00027237664,3.803772,0.0008607167
2026-04-13 01:00:00,0.0,3.5984192,0.0
2026-04-13 02:00:00,0.0,2.674591,0.0
2026-04-13 03:00:00,0.0,2.215454,0.0
2026-04-13 04:00:00,0.0,2.2172241,0.0
2026-04-13 05:00:00,0.0,4.8364563,0.0
2026-04-13 06:00:00,0.0,7.382965,0.0
2026-04-13 07:00:00,0.0,9.700714,0.0
2026-04-13 08:00:00,0.0,11.379242,0.0
2026-04-13 09:00:00,0.0,12.91217,0.0
2026-04-13 10:00:00,0.0,14.044617,0.0
2026-04-13 11:00:00,0.0,15.113617,0.0
2026-04-13 12:00:00,0.0,15.741455,0.0
2026-04-13 13:00:00,0.0,16.055237,0.0
2026-04-13 14:00:00,0.0,15.947296,0.0
2026-04-13 15:00:00,0.0,15.514404,0.0
2026-04-13 16:00:00,0.0,14.184814,0.0
2026-04-13 17:00:00,6.724149e-07,12.924286,0.0006724149
2026-04-13 18:00:00,3.164634e-06,12.023285,0.0024922192
2026-04-13 19:00:00,3.164634e-06,10.516113,0.0
2026-04-13 20:00:00,3.164634e-06,9.306244,0.0
2026-04-13 21:00:00,3.164634e-06,8.371521,0.0
2026-04-13 22:00:00,3.164634e-06,7.465393,0.0
2026-04-13 23:00:00,3.164634e-06,6.641571,0.0
2026-04-14 00:00:00,3.164634e-06,5.9704285,0.0
2026-04-14 01:00:00,0.0,5.462677,0.0
2026-04-14 02:00:00,0.0,5.059601,0.0
2026-04-14 03:00:00,0.0,4.750702,0.0
2026-04-14 04:00:00,0.0,4.7342834,0.0
2026-04-14 05:00:00,0.0,5.763092,0.0
2026-04-14 06:00:00,0.0,7.570038,0.0
2026-04-14 07:00:00,0.0,9.71109,0.0
2026-04-14 08:00:00,0.0,11.597748,0.0
2026-04-14 09:00:00,0.0,13.110382,0.0
2026-04-14 10:00:00,0.0,13.983429,0.0
2026-04-14 11:00:00,0.0,15.129364,0.0
2026-04-14 12:00:00,0.0,15.797699,0.0
2026-04-14 13:00:00,0.0,15.84433,0.0
2026-04-14 14:00:00,0.0,15.562225,0.0
2026-04-14 15:00:00,0.0,15.27121,0.0
2026-04-14 16:00:00,0.0,14.339386,0.0
2026-04-14 17:00:00,0.0,13.236816,0.0
2026-04-14 18:00:00,0.0,12.299133,0.0
2026-04-14 19:00:00,0.0,10.528778,0.0
2026-04-14 20:00:00,0.0,9.384155,0.0
2026-04-14 21:00:00,0.0,8.48819,0.0
2026-04-14 22:00:00,0.0,7.6304016,0.0
2026-04-14 23:00:00,0.0,6.8526917,0.0
2026-04-15 00:00:00,8.523463e-07,6.15625,0.0008523463
2026-04-15 01:00:00,0.0,5.630127,0.0
2026-04-15 02:00:00,0.0,5.189789,0.0
2026-04-15 03:00:00,0.0,4.820862,0.0
2026-04-15 04:00:00,0.0,4.5973816,0.0
2026-04-15 05:00:00,0.0,5.893738,0.0
2026-04-15 06:00:00,0.0,8.026764,0.0
2026-04-15 07:00:00,0.0,10.193878,0.0
2026-04-15 08:00:00,0.0,12.092255,0.0
2026-04-15 09:00:00,0.0,13.756165,0.0
2026-04-15 10:00:00,0.0,15.018402,0.0
2026-04-15 11:00:00,0.0,16.183746,0.0
2026-04-15 12:00:00,0.0,16.937775,0.0
2026-04-15 13:00:00,0.0,17.376373,0.0
2026-04-15 14:00:00,0.0,17.490875,0.0
2026-04-15 15:00:00,0.0,17.294128,0.0
2026-04-15 16:00:00,0.0,16.469147,0.0
2026-04-15 17:00:00,0.0,14.582916,0.0
2026-04-15 18:00:00,0.0,12.885437,0.0
2026-04-15 19:00:00,0.0,12.044586,0.0
2026-04-15 20:00:00,0.0,10.963348,0.0
2026-04-15 21:00:00,0.0,9.872284,0.0
2026-04-15 22:00:00,0.0,8.848053,0.0
2026-04-15 23:00:00,0.0,7.899872,0.0
2026-04-16 00:00:00,0.0,7.095703,0.0
2026-04-16 01:00:00,0.0,6.3959045,0.0
2026-04-16 02:00:00,0.0,5.8146667,0.0
2026-04-16 03:00:00,0.0,5.3346863,0.0
2026-04-16 04:00:00,0.0,5.043396,0.0
2026-04-16 05:00:00,0.0,6.9048157,0.0
2026-04-16 06:00:00,0.0,9.372589,0.0
2026-04-16 07:00:00,0.0,11.513214,0.0
2026-04-16 08:00:00,0.0,13.64502,0.0
2026-04-16 09:00:00,0.0,15.390442,0.0
2026-04-16 10:00:00,0.0,16.741943,0.0
2026-04-16 11:00:00,0.0,17.736969,0.0
2026-04-16 12:00:00,0.0,18.479889,0.0
2026-04-16 13:00:00,0.0,18.871246,0.0
2026-04-16 14:00:00,8.523463e-07,18.899933,0.0008523463
2026-04-16 15:00:00,1.7195935e-06,18.583313,0.0008672471
2026-04-16 16:00:00,1.7195935e-06,17.644226,0.0
2026-04-16 17:00:00,1.7195935e-06,15.735687,0.0
2026-04-16 18:00:00,1.7195935e-06,13.858368,0.0
2026-04-16 19:00:00,1.7195935e-06,12.618805,0.0
2026-04-16 20:00:00,1.7195935e-06,11.483368,0.0
2026-04-16 21:00:00,1.7195935e-06,10.481354,0.0
2026-04-16 22:00:00,1.7195935e-06,9.559265,0.0
2026-04-16 23:00:00,1.7195935e-06,8.653931,0.0
2026-04-17 00:00:00,1.7195935e-06,7.787506,0.0
2026-04-17 01:00:00,0.0,6.8849792,0.0
2026-04-17 02:00:00,0.0,6.1464233,0.0
2026-04-17 03:00:00,0.0,5.507538,0.0
2026-04-17 04:00:00,0.0,5.1466675,0.0
2026-04-17 05:00:00,0.0,7.4723816,0.0
2026-04-17 06:00:00,0.0,10.0937805,0.0
2026-04-17 07:00:00,3.4887344e-05,12.399231,0.034887344
2026-04-17 08:00:00,0.0001637942,14.315399,0.12890686
2026-04-17 09:00:00,0.00017310836,15.98526,0.009314157
2026-04-17 10:00:00,0.00018595922,16.984192,0.012850855
2026-04-17 11:00:00,0.00019692228,18.001038,0.010963064
2026-04-17 12:00:00,0.00019692228,18.604279,0.0
2026-04-17 13:00:00,0.00019692461,19.07727,2.3283064e-06
2026-04-17 14:00:00,0.00019692554,19.095367,9.313226e-07
2026-04-17 15:00:00,0.00019692554,18.791443,0.0
2026-04-17 16:00:00,0.00019692554,17.83368,0.0
2026-04-17 17:00:00,0.00019773841,16.0997,0.00081287
2026-04-17 18:00:00,0.00020142738,14.648346,0.0036889687
2026-04-17 19:00:00,0.00024683867,13.673553,0.04541129
2026-04-17 20:00:00,0.0003745081,12.844025,0.12766942
2026-04-17 21:00:00,0.00065334886,11.710632,0.27884078
2026-04-17 22:00:00,0.00071301404,10.853638,0.05966518
2026-04-17 23:00:00,0.0007166127,10.099579,0.0035986304
2026-04-18 00:00:00,0.00071664155,9.609528,2.8871e-05
2026-04-18 01:00:00,1.939194e-05,8.863922,0.0
2026-04-18 02:00:00,0.00018795836,8.547882,0.16856642
2026-04-18 03:00:00,0.00048269867,9.228485,0.29474032
2026-04-18 04:00:00,0.0005895046,9.578461,0.106805936
2026-04-18 05:00:00,0.0005952865,10.63089,0.0057818834
2026-04-18 06:00:00,0.0005952907,11.555206,4.1909516e-06
2026-04-18 07:00:00,0.00059636636,13.451782,0.0010756776
2026-04-18 08:00:00,0.0005963743,14.3508,7.916242e-06
2026-04-18 09:00:00,0.00060006324,15.227081,0.0036889687
2026-04-18 10:00:00,0.0006144764,16.043304,0.014413148
2026-04-18 11:00:00,0.0006378284,16.596222,0.023351982
2026-04-18 12:00:00,0.0006679557,16.9086,0.030127354
2026-04-18 13:00:00,0.0006740149,17.130463,0.0060591847
2026-04-18 14:00:00,0.0006830953,16.997162,0.009080395
2026-04-18 15:00:00,0.0008402653,16.403412,0.15717
2026-04-18 16:00:00,0.0008403044,15.350159,3.9115548e-05
2026-04-18 17:00:00,0.0008403044,13.910553,0.0
2026-04-18 18:00:00,0.0008497983,12.678497,0.009493902
2026-04-18 19:00:00,0.00084980205,11.605499,3.7252903e-06
2026-04-18 20:00:00,0.00085970014,10.355194,0.009898096
2026-04-18 21:00:00,0.0008791648,9.772491,0.019464642
2026-04-18 22:00:00,0.0009165518,10.526306,0.037387013
2026-04-18 23:00:00,0.0009493921,8.676544,0.032840297
2026-04-19 00:00:00,0.000952933,7.1912537,0.0035408884
2026-04-19 01:00:00,9.313226e-10,6.8875732,0.0
2026-04-19 02:00:00,9.313226e-10,6.488739,0.0
2026-04-19 03:00:00,9.313226e-10,6.1769714,0.0
2026-04-19 04:00:00,1.0244548e-08,6.0095215,9.313226e-06
2026-04-19 05:00:00,8.614734e-08,8.573517,7.590279e-05
2026-04-19 06:00:00,2.1863729e-05,12.200958,0.021777581
2026-04-19 07:00:00,2.2277702e-05,13.830536,0.00041397288
2026-04-19 08:00:00,2.8821174e-05,15.350861,0.0065434724
2026-04-19 09:00:00,0.00021142326,16.26767,0.1826021
2026-04-19 10:00:00,0.00027748104,16.951935,0.06605778
2026-04-19 11:00:00,0.00032742694,17.32965,0.0499459
2026-04-19 12:00:00,0.00034299045,17.675812,0.015563507
2026-04-19 13:00:00,0.000354103,18.028534,0.011112541
2026-04-19 14:00:00,0.00035525783,17.951752,0.00115484
2026-04-19 15:00:00,0.0003562385,17.904938,0.0009806827
2026-04-19 16:00:00,0.00035623944,17.148346,9.313226e-07
2026-04-19 17:00:00,0.00035623944,15.442108,0.0
2026-04-19 18:00:00,0.00035623944,13.850616,0.0
2026-04-19 19:00:00,0.00035623385,13.285919,0.0
2026-04-19 20:00:00,0.00035623385,12.553894,0.0
2026-04-19 21:00:00,0.00035624756,11.996521,1.3707904e-05
2026-04-19 22:00:00,0.0003670956,11.364868,0.010848045
2026-04-19 23:00:00,0.00038921452,10.891357,0.022118911
2026-04-20 00:00:00,0.00039503525,10.462189,0.005820737
2026-04-20 01:00:00,6.0824677e-06,10.296936,0.0
2026-04-20 02:00:00,7.502502e-06,10.029327,0.0014200341
2026-04-20 03:00:00,1.5291851e-05,9.647858,0.007789349
2026-04-20 04:00:00,1.5297439e-05,9.526123,5.5879354e-06
2026-04-20 05:00:00,1.548836e-05,10.343353,0.00019092113
2026-04-20 06:00:00,1.5535392e-05,13.063141,4.703179e-05
2026-04-20 07:00:00,1.5535392e-05,15.595032,0.0
2026-04-20 08:00:00,1.5963986e-05,17.5372,0.00042859392
2026-04-20 09:00:00,1.6393977e-05,19.281525,0.0004299909
2026-04-20 10:00:00,2.9480922e-05,20.608185,0.013086945
2026-04-20 11:00:00,4.3243075e-05,21.270905,0.013762154
2026-04-20 12:00:00,5.950257e-05,21.310303,0.016259495
2026-04-20 13:00:00,0.00016944614,20.946747,0.10994357
2026-04-20 14:00:00,0.00018522661,19.877869,0.015780475
2026-04-20 15:00:00,0.00018614269,19.069,0.00091607217
2026-04-20 16:00:00,0.00018741068,18.244629,0.0012679957
